batter_name,batter
David Aardsma,430911
Fernando Abad,472551
Cory Abbott,676265
CJ Abrams,682928
Albert Abreu,656061
Bobby Abreu,110029
Bryan Abreu,650556
Jose Abreu,547989
Tony Abreu,473234
Jeremy Accardo,435618
Alfredo Aceves,469686
Domingo Acevedo,642758
Dustin Ackley,554429
Ronald Acuna,660670
Cristhian Adames,542436
Willy Adames,642715
Austin Adams,613534
Chance Adams,664856
David Adams,458691
Lane Adams,572669
Matt Adams,571431
Mike Adams,430606
Spencer Adams,656181
Jim Adduci,451192
Jo Adell,666176
Tim Adleman,534947
Ehire Adrianza,501303
Jeremy Affeldt,346793
Dario Agrazal,642607
Jesus Aguilar,542583
Nick Ahmed,605113
Brady Aiken,656184
Shogo Akiyama,673451
Keegan Akin,669211
Andrew Albers,452027
Hanser Alberto,593643
Matt Albers,458006
Ozzie Albies,645277
Al Alburquerque,456379
Jorge Alcala,660896
Arismendy Alcantara,570489
Sandy Alcantara,645261
Victor Alcantara,622505
Scott Alexander,518397
Tyler Alexander,641302
Jorge Alfaro,595751
Anthony Alford,546990
Kolby Allard,663465
Austin Allen,664119
Cody Allen,592102
Greg Allen,656185
Logan Allen,663531
Abraham Almonte,501659
Yency Almonte,622075
Zoilo Almonte,501660
Albert Almora,546991
Pete Alonso,624413
Yonder Alonso,475174
Dan Altavilla,656186
Aaron Altherr,571437
Jose Altuve,514888
Henderson Alvarez,506693
Jose Alvarez,501625
Jose Alvarado,621237
Pedro Alvarez,476883
Yadier Alvarez,665751
Yordan Alvarez,670541
Adbert Alzolay,640470
Alexi Amarista,506560
Hector Ambriz,459932
Brett Anderson,474463
Bryan Anderson,457762
Brian Anderson,605119
Chase Anderson,502624
Cody Anderson,594736
Ian Anderson,666120
Justin Anderson,605121
Lars Anderson,502249
Nick Anderson,623433
Shaun Anderson,641312
Tim Anderson,641313
Tyler Anderson,542881
Robert Andino,435180
John Andreoli,607430
Matt Andriese,542882
Elvis Andrus,462101
Miguel Andujar,609280
Rick Ankiel,150449
Dean Anna,542883
Tejay Antone,622088
Norichika Aoki,493114
Mark Appel,571446
Aristides Aquino,606157
Victor Arano,644364
Jonathan Arauz,660620
Chris Archer,502042
Francisco Arcia,516472
Orlando Arcia,606115
Oswaldo Arcia,542455
Nolan Arenado,571448
J.P. Arencibia,450317
Joaquin Arias,435078
Rogelio Armenteros,660494
Shawn Armstrong,542888
Randy Arozarena,668227
Luis Arraez,650333
Jose Arredondo,461766
Jake Arrieta,453562
Bronson Arroyo,276520
Christian Arroyo,624414
Humberto Arteaga,600858
Cody Asche,605125
Alec Asher,594742
Willians Astudillo,553902
Carlos Asuaje,641319
Scott Atchison,425786
Garrett Atkins,425548
Phillippe Aumont,518418
Tyler Austin,592122
Xavier Avery,542897
Alex Avila,488671
Luis Avilan,501593
Mike Aviles,449107
Dylan Axelrod,518420
John Axford,446099
Luis Ayala,425646
Erick Aybar,430947
Burke Badenhop,488674
Harrison Bader,664056
Javier Baez,595879
Michel Baez,673258
Pedro Baez,520980
Andrew Bailey,457732
Brandon Bailey,669064
Homer Bailey,456701
Jeff Baker,425557
John Baker,434633
Scott Baker,435044
Jordan Balazovic,666364
Collin Balester,444446
Grant Balfour,346797
Anthony Banda,607455
Jett Bandy,542908
Manny Banuelos,544365
Rod Barajas,150148
Daniel Bard,453268
Luke Bard,572703
Scott Barlow,605130
Clint Barmes,425549
Austin Barnes,605131
Brandon Barnes,488681
Darwin Barney,446381
Danny Barnes,592130
Jacob Barnes,606930
Matt Barnes,598264
Scott Barnes,488683
Tony Barnette,501817
Tucker Barnhart,571466
Kyle Barraclough,607457
Aaron Barrett,502578
Franklin Barreto,620439
Jake Barrett,545332
Jaime Barria,642545
Joey Bart,663698
Jason Bartlett,430583
Daric Barton,435558
Anthony Bass,542914
Chris Bassitt,605135
Antonio Bastardo,455374
Miguel Batista,110683
Jake Bauers,641343
Trevor Bauer,545333
Jose Bautista,430832
Rafael Bautista,622441
Mike Baxter,488689
Jason Bay,424726
Shane Baz,669358
Brandon Beachy,545404
Matt Beaty,607461
Blake Beavan,518444
Chad Beck,444447
Chris Beck,571476
Josh Beckett,277417
Gordon Beckham,493596
Tim Beckham,542921
Erik Bedard,407853
Cam Bedrosian,592135
Tyler Beede,595881
Jalen Beeks,656222
Dallas Beeler,542923
Seth Beer,666179
Matt Belisle,279571
Ronald Belisario,430613
Jeff Beliveau,542924
Chad Bell,518445
Heath Bell,425514
Cody Bellinger,641355
Josh Bell,605137
Duane Below,502102
Brandon Belt,474832
Adrian Beltre,134181
Carlos Beltran,136860
Anthony Bemboom,621532
Andrew Benintendi,643217
Joaquin Benoit,276542
Joe Benson,501994
Christian Bergman,548357
Lance Berkman,204020
Roger Bernadina,465668
Jose Berrios,621244
Quintin Berry,450641
Jon Berti,542932
Dellin Betances,476454
Rafael Betancourt,429783
Yuniesky Betancourt,435358
Wilson Betemit,400140
Christian Bethancourt,542194
Chad Bettis,518452
Mookie Betts,605141
Joe Biagini,607352
Jeff Bianchi,488703
Austin Bibens-Dirkx,502212
Bo Bichette,666182
Jesse Biddle,592145
Shane Bieber,669456
Brandon Bielak,656232
Cavan Biggio,624415
Chad Billingsley,451532
Greg Bird,595885
Braden Bishop,623323
Brian Bixler,444448
Ty Blach,621389
Charlie Blackmon,453568
Clayton Blackburn,607185
Nick Blackburn,448147
Paul Blackburn,621112
Ray Black,605143
Travis Blackley,429715
Vic Black,502195
Aaron Blair,594760
Casey Blake,232694
Andres Blanco,433217
Gregor Blanco,453923
Henry Blanco,111072
Alex Blandino,607468
Kyle Blanks,452035
Joe Blanton,430599
Jabari Blash,518466
Richard Bleier,542947
Jerry Blevins,460283
Willie Bloomquist,217100
Brennan Boesch,453269
Xander Bogaerts,593428
Mitchell Boggs,459939
Brian Bogusevic,460131
Alec Bohm,664761
Mike Bolsinger,502211
Jeremy Bonderman,425827
Emilio Bonifacio,466988
Jorge Bonifacio,593528
Julio Borbon,474865
Ryan Borucki,621366
J.C. Boscan,400268
David Bote,623520
Jason Bourgeois,430652
Peter Bourjos,488721
Justin Bour,571506
Michael Bourn,456422
Michael Bowden,476601
Matt Bowman,621199
Brad Boxberger,502202
Matt Boyd,571510
Blaine Boyer,430641
Brad Brach,542960
Silvino Bracho,611093
Dallas Braden,460284
Chasen Bradford,607473
Archie Bradley,605151
Bobby Bradley,656252
Jackie Bradley Jr.,598265
Milton Bradley,150396
Michael Brantley,488726
Rob Brantly,542963
Russell Branyan,137140
Ryan Brasier,518489
Steven Brault,643230
Ryan Braun,460075
John Brebbia,605154
Alex Bregman,608324
Brandon Brennan,592165
Craig Breslow,444520
Colten Brewer,605155
Austin Brice,592169
Jose Briceno,593993
Parker Bridwell,592170
Jeff Brigham,656257
Reid Brignac,458582
Lewis Brinson,621446
Socrates Brito,593647
Zach Britton,502154
Aaron Brooks,605156
Michael Brosseau,670712
Rex Brothers,571521
Andrew Brown,518500
Barret Browning,446135
Domonic Brown,502126
Gary Brown,518502
Seth Brown,664913
Trevor Brown,623143
Jonathan Broxton,455009
Keon Broxton,542979
JT Brubaker,664141
Jay Bruce,457803
Jaycob Brugman,595144
Vidal Brujan,660644
Kris Bryant,592178
Kris Bubic,663460
David Buchanan,571527
Clay Buchholz,453329
Ryan Buchter,488748
John Buck,407833
Walker Buehler,621111
Mark Buehrle,279824
Madison Bumgarner,518516
Aaron Bummer,607481
Dylan Bundy,605164
Nick Burdi,595897
Jake Burger,669394
Enrique Burgos,542609
Greg Burke,457566
A.J. Burnett,150359
Alex Burnett,488751
Corbin Burnes,669203
Sean Burnett,430634
Billy Burns,542993
Pat Burrell,150100
Beau Burrows,663366
Jared Burton,454537
Matt Bush,456713
Drew Butera,460077
Billy Butler,456714
Eddie Butler,572750
Joey Butler,542994
Ty Buttrey,621142
Byron Buxton,621439
Tim Byrdak,136263
Marlon Byrd,407781
Asdrubal Cabrera,452678
Edward Cabrera,665795
Everth Cabrera,465784
Genesis Cabrera,650893
Mauricio Cabrera,606291
Melky Cabrera,466320
Miguel Cabrera,408234
Orlando Cabrera,111851
Trevor Cahill,502239
Lorenzo Cain,456715
Matt Cain,430912
Kole Calhoun,594777
Willie Calhoun,641432
Alberto Callaspo,430948
Johan Camargo,622666
Daz Cameron,663662
Mike Cameron,111904
Arquimedes Caminero,491708
Tony Campana,542999
Eric Campbell,493472
Shawn Camp,425861
Luis Campusano,669134
Jeimer Candelario,600869
Mark Canha,592192
Griffin Canning,656288
Robinson Cano,429664
Jorge Cantu,408305
Russ Canzler,444453
Carter Capps,605169
Matt Capps,448165
Chris Capuano,425626
Victor Caratini,605170
Adrian Cardenas,502133
Stephen Cardullo,506924
Andrew Carignan,446398
Shane Carle,641438
Dylan Carlson,666185
Roberto Hernandez,433584
Andrew Carpenter,502165
Chris Carpenter,112020
Chris Carpenter,452764
David Carpenter,502304
David Carpenter,518526
Matt Carpenter,572761
Ryan Carpenter,543001
Mike Carp,455077
Carlos Carrasco,471911
D.J. Carrasco,425647
Ezequiel Carrera,485567
Joel Carreno,468528
Jamey Carroll,425206
Robert Carson,518533
Chris Carter,474892
Curt Casali,592200
Andrew Cashner,488768
Alexi Casilla,458210
Santiago Casilla,433586
Bobby Cassevah,445001
Alex Castellanos,543008
Nick Castellanos,592206
Ryan Castellani,624418
Diego Castillo,650895
Jose Castillo,620454
Luis Castillo,622491
Rusney Castillo,628329
Welington Castillo,456078
Harold Castro,605612
Jason Castro,488771
Miguel Castro,612434
Starlin Castro,516770
Willi Castro,650489
Jake Cave,595909
Dylan Cease,656302
Garin Cecchini,594555
Gavin Cecchini,608325
Brett Cecil,446399
Ronny Cedeno,430592
Xavier Cedeno,458584
Juan Centeno,518542
Francisco Cervelli,465041
Yoenis Cespedes,493316
Luis Cessa,570666
Jhoulys Chacin,468504
Andrew Chafin,605177
Adron Chambers,518545
Joba Chamberlain,501955
Yu-Cheng Chang,644374
Aroldis Chapman,547973
Matt Chapman,656305
J.T. Chargois,608638
Tyler Chatwood,543022
Endy Chavez,346795
Eric Chavez,136767
Jesse Chavez,445926
Michael Chavis,656308
Bruce Chen,136600
Wei-Yin Chen,612672
Robinson Chirinos,455139
Yonny Chirinos,630023
Lonnie Chisenhall,502082
Jazz Chisholm,665862
Randy Choate,329092
Michael Choice,574831
Ji-Man Choi,596847
Shin-Soo Choo,425783
Vinnie Chulk,425562
Adam Cimber,643256
Tony Cingrani,571561
Pedro Ciriaco,465674
Steve Cishek,518553
Jose Cisnero,542585
Nick Ciuffo,624419
Aaron Civale,650644
Taylor Clarke,664199
Emmanuel Clase,661403
Alex Claudio,592222
Jeff Clement,459943
Paul Clemens,518560
Maikel Cleto,521055
Steve Clevenger,502182
Mike Clevinger,605182
Tyler Clippard,461325
Tyler Cloyd,543031
Jason Coats,605183
Alex Cobb,502171
Kyle Cody,621129
Robert Coello,445193
Chris Coghlan,458085
Phil Coke,457435
Chris Colabello,499624
A.J. Cole,595918
Gerrit Cole,543037
Dusty Coleman,543038
Louis Coleman,488786
Taylor Cole,518566
Tim Collins,525768
Tyler Collins,607385
Zack Collins,641470
Josh Collmenter,518567
Alex Colome,517008
Bartolo Colon,112526
Christian Colon,518568
Tyler Colvin,502125
Michael Conforto,624424
Hank Conger,474233
Adam Conley,543045
Jose Constanza,468429
Jose Contreras,425747
Willson Contreras,575929
William Contreras,661388
Aaron Cook,346871
Ryan Cook,475857
Tim Cooney,608641
David Cooper,476036
Garrett Cooper,643265
Patrick Corbin,571578
Francisco Cordero,150188
Franchy Cordero,614173
Jimmy Cordero,622772
Ryan Cordell,641477
Allen Cordoba,642707
Carlos Corporan,449786
Carlos Correa,621043
Kevin Correia,429781
Nestor Cortes,641482
Jarred Cosart,543054
Mike Costanzo,453068
Caleb Cotham,571584
Jharel Cotton,605194
Neal Cotts,425840
Daniel Coulombe,543056
Dylan Covey,592229
Kaleb Cowart,592230
Collin Cowgill,518577
Zack Cox,543059
Zack Cozart,446359
Dylan Cozens,622226
Allen Craig,501800
Jesse Crain,430884
Tyler Cravy,572788
Brandon Crawford,543063
Carl Crawford,408307
Evan Crawford,457751
J.P. Crawford,641487
Stefan Crichton,592233
Kyle Crick,605195
Coco Crisp,424825
Garrett Crochet,676979
C.J. Cron,543068
Jake Cronenworth,630105
Kevin Cron,605196
Casey Crosby,518582
Aaron Crow,543070
Trevor Crowe,460067
Luis Cruz,458501
Nelson Cruz,443558
Oneil Cruz,665833
Rhiner Cruz,462480
Tony Cruz,488810
Michael Cuddyer,150212
Johnny Cueto,456501
Noel Cuevas,571595
Charlie Culberson,518586
Brandon Cumpton,592238
Todd Cunningham,592239
John Curtiss,595928
Jack Cust,400091
Cheslor Cuthbert,596144
David Dahl,621311
Bobby Dalbec,666915
Johnny Damon,113028
John Danks,433579
Jordan Danks,458668
Chase d'Arnaud,488818
Travis D'Arnaud,518595
James Darnell,543083
Yu Darvish,506433
Matt Davidson,571602
Kyle Davies,434678
Zach Davies,605200
Chris Davis,448801
Doug Davis,150277
Ike Davis,477195
Jaylin Davis,664041
J.D. Davis,605204
Jonathan Davis,641505
Khris Davis,501981
Rajai Davis,434658
Wade Davis,451584
Grant Dayton,594795
Yonathan Daza,602074
Austin Dean,621573
Alejandro De Aza,457477
Jaff Decker,543094
Samuel Deduno,465679
Justin De Fratus,518603
Jacob deGrom,594798
David DeJesus,430203
Ivan De Jesus,474443
Chase De Jong,608328
Paul DeJong,657557
Steve Delabar,447755
Dane de la Rosa,451773
Rubby de la Rosa,523989
Jose De Leon,592254
Randall Delgado,517414
Nick Delmonico,547170
Enyel De Los Santos,660853
Fautino De Los Santos,501745
Enerio Del Rosario,491688
Travis Demeritte,641513
Ryan Dempster,133225
Matt den Dekker,544925
Chris Denorfia,456121
Mark DeRosa,136660
Daniel Descalso,518614
Anthony DeSclafani,543101
Delino Deshields Jr.,592261
Ian Desmond,435622
Odrisamer Despaigne,628333
Reid Detmers,672282
Ross Detwiler,446321
Chris Devenski,606965
Rafael Devers,646240
Cole DeVries,453301
Blake Dewitt,455088
Scott Diamond,539438
Aledmys Diaz,649557
Edwin Diaz,621242
Elias Diaz,553869
Isan Diaz,656371
Jairo Diaz,545064
Juan Diaz,501726
Jumbo Diaz,471822
Lewin Diaz,650331
Matt Diaz,429841
Yandy Diaz,650490
Yusniel Diaz,666783
Alex Dickerson,543105
Chris Dickerson,447736
Corey Dickerson,572816
R.A. Dickey,285079
Brandon Dickson,505447
Jake Diekman,518617
Derek Dietrich,518618
Wilmer Difo,594694
Tim Dillard,457422
Nick Dini,664926
Andy Dirks,543108
Brandon Dixon,641525
Greg Dobbs,425785
Randy Dobnak,677976
Rafael Dolis,503569
Matt Dominguez,518625
Seranthony Dominguez,622554
Jason Donald,453228
Josh Donaldson,518626
Sean Doolittle,448281
Octavio Dotel,136734
Felix Doubront,467094
Ryan Doumit,425491
Darin Downs,445153
Jeter Downs,669023
Matt Downs,453303
Scott Downs,275933
Brian Dozier,572821
Hunter Dozier,641531
Kyle Drabek,475138
Oliver Drake,543118
J.D. Drew,136770
Stephen Drew,452220
Brandon Drury,592273
Mauricio Dubon,643289
Justin Duchscherer,407113
Lucas Duda,446263
Brian Duensing,488846
Tyler Duffey,608648
Danny Duffy,518633
Matt Duffy,622110
Steven Duggar,621453
Robert Dugger,667498
Zach Duke,435043
Ryan Dull,623430
Shelley Duncan,455167
Adam Dunn,276055
Dane Dunning,641540
Justin Dunn,643290
Mike Dunn,445197
Jon Duplantier,641541
Jarren Duran,680776
Chad Durbin,239795
Adam Duvall,594807
Jarrod Dyson,502481
Sam Dyson,473879
Adam Eaton,594809
David Eckstein,275930
Josh Edgin,572831
Tommy Edman,669242
Jim Edmonds,113744
Carl Edwards,605218
Zach Eflin,621107
Brett Eibner,518649
Jerad Eickhoff,595191
Scott Elbert,455092
Roenis Elias,606273
A.J. Ellis,454560
Mark Ellis,407885
Jacoby Ellsbury,453056
Jake Elmore,518653
John Ely,518655
Edwin Encarnacion,429665
Adam Engel,641553
Barry Enright,446264
Nathan Eovaldi,543135
Cody Eppley,543136
Robbie Erlin,572362
Phil Ervin,640447
Alcides Escobar,444876
Eduardo Escobar,500871
Yunel Escobar,488862
Tom Eshelman,664045
Anderson Espinoza,659262
Danny Espinosa,457787
Carlos Estevez,608032
Marco Estrada,462136
Thairo Estrada,642731
Andre Ethier,444843
Demarcus Evans,663770
Luis Exposito,458701
Peter Fairbanks,664126
Irving Falu,458252
Jeurys Familia,544727
Jacob Faria,607188
Buck Farmer,571656
Kyle Farmer,571657
Kyle Farnsworth,150035
Danny Farquhar,543144
Eric Farris,456544
Taylor Featherston,605227
Erick Fedde,607200
Tim Federowicz,543148
Scott Feldman,444857
Pedro Feliciano,408230
Michael Feliz,593140
Neftali Feliz,491703
Caleb Ferguson,657571
Jose Fernandez,605228
Jose Miguel Fernandez,628336
Chuckie Fick,518674
Josh Fields,451661
Johnny Field,608654
Prince Fielder,425902
Casey Fien,502272
Mike Fiers,571666
Stephen Fife,543155
Chone Figgins,408210
Pedro Figueroa,471896
Heath Fillmyer,641571
Brandon Finnegan,605232
Derek Fisher,605233
Doug Fister,450729
Jack Flaherty,656427
Ryan Flaherty,475247
Josh Fleming,676596
David Fletcher,664058
Jesus Flores,435520
Ramon Flores,570717
Wilmer Flores,527038
Pedro Florimon,465753
Dylan Floro,571670
Tyler Flowers,452095
Gavin Floyd,425856
Brian Flynn,543169
Mike Foltynewicz,592314
Wilmer Font,521655
Lew Ford,217915
Mike Ford,645801
Logan Forsythe,523253
Matt Foster,641582
Dexter Fowler,451594
Dustin Fowler,641583
Lucius Fox,665650
Jake Fraley,641584
Ben Francisco,450204
Frank Francisco,407911
Jeff Francis,433585
Jeff Francoeur,425796
Juan Francisco,464433
Maikel Franco,596748
Ty France,664034
Wander Franco,677551
Kevin Frandsen,435623
Nick Franklin,545338
Ryan Franklin,211041
Jason Frasor,430630
Adam Frazier,624428
Clint Frazier,640449
Todd Frazier,453943
Kyle Freeland,607536
Freddie Freeman,518692
Mike Freeman,502273
Sam Freeman,518693
Tyler Freeman,671289
David Freese,501896
David Freitas,571679
Carlos Frias,516910
Christian Friedrich,543184
Max Fried,608331
Ernesto Frieri,457117
Jace Fry,605240
Paul Fry,643316
Brian Fuentes,150118
Josh Fuentes,658069
Reymond Fuentes,571681
Kyuji Fujikawa,493117
Kosuke Fukudome,493120
Sam Fuld,453539
Carson Fulmer,608334
Michael Fulmer,605242
Charlie Furbush,518703
Rafael Furcal,279577
Armando Galarraga,451482
Cam Gallagher,595956
Yovani Gallardo,451596
Giovanny Gallegos,606149
Zac Gallen,668678
Isaac Galloway,543194
Joey Gallo,608336
Freddy Galvis,520471
Ben Gamel,592325
Mat Gamel,451143
John Gant,607231
Adonis Garcia,611177
Adolis Garcia,666969
Anthony Garcia,571685
Aramis Garcia,605244
Avisail Garcia,541645
Bryan Garcia,650530
Christian Garcia,451600
Deivi Garcia,665620
Edgar Garcia,658305
Freddy Garcia,150119
Greg Garcia,594824
Jaime Garcia,448802
Jarlin Garcia,606424
Jose Garcia,676480
Leury Garcia,544725
Luis Garcia,472610
Luis Garcia,671277
Robel Garcia,596825
Willy Garcia,591994
Yimi Garcia,554340
Brett Gardner,458731
Jon Garland,279782
Kyle Garlick,664247
Dustin Garneau,572863
Amir Garrett,607237
Braxton Garrett,666129
Mitch Garver,641598
Matt Garza,490063
Evan Gattis,594828
Chad Gaudin,429985
Kevin Gausman,592332
Sam Gaviglio,543208
Cory Gearrin,518715
Dillon Gee,518716
Steve Geltz,544993
Scooter Gennett,571697
Craig Gentry,502226
Michael Gerber,595222
Domingo German,593334
Gonzalez Germen,542674
Chris Getz,460051
Jason Giambi,114739
Johnny Giavotella,543213
Kyle Gibson,502043
Tayron Guerrero,594027
Logan Gilbert,669302
Ken Giles,571704
Conor Gillaspie,543216
Andres Gimenez,665926
Chris Gimenez,460269
Hector Gimenez,430591
Caleb Gindl,518725
Kevin Ginkel,656464
Lucas Giolito,608337
Mychal Givens,571710
Tyler Glasnow,607192
Troy Glaus,136267
Koda Glover,606983
Graham Godfrey,453232
Zack Godley,643327
Tyler Goeddel,595963
Tyler Goeddel,627894
Ryan Goins,572365
Paul Goldschmidt,502671
Austin Gomber,596295
Jonny Gomes,430404
Yan Gomes,543228
Carlos Gomez,460576
Jeanmar Gomez,491646
Mauro Gomez,450855
Stephen Gonsalves,624427
Tony Gonsolin,664062
Adrian Gonzalez,408236
Alex Gonzalez,136460
Alberto Gonzalez,471868
Carlos Gonzalez,471865
Chi Chi Gonzalez,592346
Erik Gonzalez,570481
Gio Gonzalez,461829
Marwin Gonzalez,503556
Marco Gonzales,594835
Michael Gonzalez,283166
Miguel Gonzalez,456068
Miguel A. Gonzalez,646057
Severino Gonzalez,605894
Niko Goodrum,592348
Brian Goodwin,571718
Nick Goody,580792
Alex Gordon,460086
Dee Strange-Gordon,543829
Nick Gordon,624503
MacKenzie Gore,669022
Terrance Gore,605253
Darin Gorski,571719
Tom Gorzelanny,452733
Anthony Gose,543238
Tuffy Gosewisch,488912
Daniel Gossett,605254
Phil Gosselin,594838
Trevor Gott,641627
Lourdes Gurriel,666971
Yulieski Gurriel,493329
Matt Grace,594840
Curtis Granderson,434158
Yasmani Grandal,518735
Zack Granite,643335
Brusdar Graterol,660813
Kendall Graveman,608665
Jon Gray,592351
Josiah Gray,680686
Sonny Gray,543243
Chad Green,643338
Conner Greene,641632
Grant Green,502205
Hunter Greene,668881
Riley Greene,682985
Shane Greene,572888
Taylor Green,488919
Tyler Greene,460022
Luke Gregerson,502381
Kevin Gregg,276514
Didi Gregorius,544369
Grayson Greiner,606988
Zack Greinke,425844
Randal Grichuk,545341
A.J. Griffin,456167
Jason Grilli,276351
Justin Grimm,518748
Trent Grisham,663757
Jason Groome,666130
Robbie Grossman,543257
Robert Gsellman,607229
Alexander Guerrero,648717
Javy Guerra,457915
Junior Guerra,448855
Matt Guerrier,407825
Taylor Guerrieri,605260
Vladimir Guerrero,115223
Vladimir Guerrero Jr.,665489
Carlos Guillen,136722
Jose Guillen,115229
Luis Guillorme,641645
Jandel Gustave,594311
Jeremy Guthrie,425386
Franklin Gutierrez,429711
Kelvin Gutierrez,642721
Vladimir Gutierrez,661269
Brandon Guyer,446386
Jesus Guzman,461882
Ronald Guzman,608597
Tony Gwynn,448242
Jedd Gyorko,576397
Josh Hader,623352
Travis Hafner,400098
Nick Hagadone,444935
Sam Haggerty,664059
Jesse Hahn,534910
Jerry Hairston,150020
Scott Hairston,430668
David Hale,571735
Roy Halladay,136880
Bill Hall,407849
Matt Hall,664180
Cole Hamels,430935
Billy Hamilton,571740
Josh Hamilton,285078
Jason Hammel,434628
Garrett Hampson,641658
Brad Hand,543272
Mitch Haniger,571745
Ryan Hanigan,452672
Jack Hannahan,435219
Joel Hanrahan,430629
Alec Hansen,641662
Alen Hanson,593700
Tommy Hanson,462102
Ian Happ,664023
J.A. Happ,457918
Aaron Harang,421685
Rich Harden,425848
Blaine Hardy,543278
J.J. Hardy,429666
Dan Haren,429717
Bryce Harper,547180
Ryne Harper,607560
Lucas Harrell,449173
Josh Harrison,543281
Matt Harrison,457448
Monte Harrison,656509
Will Harris,501789
Corey Hart,430611
Geoff Hartlieb,664129
Hunter Harvey,640451
Matt Harvey,518774
Adam Haseley,656514
Alexander Hassan,572910
Chris Hatcher,501822
Tom Hatch,641672
Reese Havens,458704
LaTroy Hawkins,115629
Brad Hawpe,425547
Ke'Bryan Hayes,663647
Austin Hays,669720
Jeremy Hazelbaker,571757
Chase Headley,452104
Ryon Healy,592387
Andrew Heaney,571760
Adeiny Hechavarria,588751
Austin Hedges,595978
Jeremy Hefner,458550
Scott Heineman,595981
Tyler Heineman,623168
Chris Heisey,502317
Ben Heller,621294
Jeremy Hellickson,476451
Ryan Helsley,664854
Todd Helton,115732
Heath Hembree,592390
Jim Henderson,449104
Kyle Hendricks,543294
Liam Hendriks,521230
Clay Hensley,454535
Guillermo Heredia,628338
Michael Hermosillo,641684
Cesar Hernandez,514917
David Hernandez,456696
Darwinzon Hernandez,650382
Elieser Hernandez,622694
Enrique Hernandez,571771
Felix Hernandez,433587
Gorkys Hernandez,491676
Jonathan Hernandez,642546
Livan Hernandez,115817
Luis Hernandez,434682
Marco Hernandez,593523
Ramon Hernandez,150421
Teoscar Hernandez,606192
Dilson Herrera,599096
Elian Herrera,467070
Jonathan Herrera,468406
Kelvin Herrera,516969
Odubel Herrera,546318
Rosell Herrera,594011
Chris Herrmann,543302
David Hess,605276
John Hester,452105
Chris Heston,518790
Codi Heuer,676051
Jason Heyward,518792
Aaron Hicks,543305
Brandon Hicks,518794
John Hicks,543308
Jordan Hicks,663855
Kyle Higashioka,543309
Trevor Hildenberger,657610
Aaron Hill,431094
Sam Hilliard,656541
Rich Hill,448179
Shawn Hill,429718
Steven Hill,518799
Tim Hill,657612
Dalier Hinojosa,648737
Eric Hinske,400134
Yoshihisa Hirano,673633
Keston Hiura,669374
Luke Hochevar,460024
Nico Hoerner,663538
L.J. Hoes,543321
Jeff Hoffman,656546
Trevor Hoffman,116034
Bryan Holaday,592407
Jonathan Holder,656547
Derek Holland,502706
Greg Holland,518813
Matt Holliday,407812
Clay Holmes,605280
Grant Holmes,656550
Brock Holt,571788
Brent Honeywell,641703
J.J. Hoover,543331
Jeremy Horst,456662
Rhys Hoskins,656555
Eric Hosmer,543333
Tanner Houck,656557
Adrian Houser,605288
T.J. House,543334
Ryan Howard,429667
Spencer Howard,675921
J.P. Howell,434442
Jared Hoying,592419
James Hoyt,624586
Daniel Hudson,543339
Dakota Hudson,641712
Orlando Hudson,407861
Tim Hudson,218596
Aubrey Huff,333492
David Huff,453307
Sam Huff,669087
Jared Hughes,453172
Luke Hughes,471863
Phil Hughes,461833
Danny Hultzen,543343
Philip Humber,458950
Nick Hundley,460026
Torii Hunter,116338
Tommy Hunter,488984
Drew Hutchison,571800
Jae-gyun Hwang,666561
Chris Iannetta,455104
Raul Ibanez,116380
Ryota Igarashi,579799
Jose Iglesias,578428
Raisel Iglesias,628452
Ender Inciarte,542255
Gregory Infante,500872
Omar Infante,408299
Brandon Inge,276346
Cole Irvin,608344
Travis Ishikawa,448170
Jason Isringhausen,116414
Hisashi Iwakuma,547874
Akinori Iwamura,493127
Maicer Izturis,430895
Alex Jackson,656577
Austin Jackson,457706
Brett Jackson,571804
Conor Jackson,433582
Edwin Jackson,429719
Jay Jackson,543351
Luke Jackson,592426
Ryan Jackson,474249
Mike Jacobs,408312
Joshua James,657624
Paul Janish,457926
Travis Jankowski,608671
Danny Jansen,643376
Kenley Jansen,445276
Casey Janssen,445163
John Jaso,444379
Cristian Javier,664299
Jon Jay,445055
Daulton Jefferies,641726
Ryan Jeffers,680777
Jeremy Jeffress,502026
Chad Jenkins,554432
Bobby Jenks,408057
Dan Jennings,543359
Desmond Jennings,457775
Kevin Jepsen,448178
Derek Jeter,116539
A.J. Jimenez,543362
Eloy Jimenez,650391
Joe Jimenez,641729
Luis Jimenez,499864
Ubaldo Jimenez,434622
Brian Johnson,598271
Chris Johnson,453400
Dan Johnson,430681
Daniel Johnson,669288
Elliot Johnson,471107
Erik Johnson,605304
Jim Johnson,462382
Josh Johnson,435178
Kelly Johnson,430637
Micah Johnson,608672
Nick Johnson,276376
Reed Johnson,407862
Rob Johnson,453531
Steve Johnson,489002
Adam Jones,430945
Andruw Jones,116662
Chipper Jones,116706
Garrett Jones,434540
Jahmai Jones,663330
James Jones,571825
JaCoby Jones,592444
Nate Jones,518858
Nolan Jones,666134
Ryder Jones,624507
Taylor Jordan,518863
Caleb Joseph,543376
Corban Joseph,543377
Tommy Joseph,571830
Matt Joyce,459964
Aaron Judge,592450
Taylor Jungmann,543380
Jakob Junis,596001
Ariel Jurado,642558
Jair Jurrjens,457453
Kila Ka'aihue,451500
Tommy Kahnle,592454
Ryan Kalish,501888
Jung-Ho Kang,628356
James Kaprielian,621076
James Karinchak,675916
Nate Karns,501992
Jeff Karstens,444371
Munenori Kawasaki,493128
Anthony Kay,641743
Scott Kazmir,431148
Austin Kearns,400290
Keone Kela,605309
Jarred Kelenic,672284
Brad Keller,641745
Mitch Keller,656605
Shawn Kelley,518875
Casey Kelly,543391
Carson Kelly,608348
Don Kelly,430603
Joe Kelly,523260
Merrill Kelly,518876
Michael Kelly,547184
Ty Kelly,571841
Matt Kemp,461314
Tony Kemp,643393
Jason Kendall,116974
Howie Kendrick,435062
Kyle Kendrick,452718
Adam Kennedy,150456
Brett Kennedy,664028
Ian Kennedy,453178
Max Kepler,596146
Jeff Keppinger,433898
Clayton Kershaw,477132
Dallas Keuchel,572971
Carter Kieboom,666198
Spencer Kieboom,571851
Kevin Kiermaier,595281
Yusei Kikuchi,579328
Franklyn Kilome,642584
Craig Kimbrel,518886
Ha-Seong Kim,673490
Hyun-soo Kim,547957
Kwang hyun Kim,547942
Isiah Kiner-Falefa,643396
Scott Kingery,664068
Nick Kingham,592468
Michael King,650633
Tyler Kinley,641755
Josh Kinney,448337
Ian Kinsler,435079
Brandon Kintzler,445213
Jason Kipnis,543401
Alex Kirilloff,666135
Alejandro Kirk,672386
Michael Kirkman,457779
Andrew Kittredge,552640
Patrick Kivlehan,623182
Branden Kline,571858
Corey Kluber,446372
Andrew Knapp,595284
Corey Knebel,608349
Andrew Knizner,668800
Matt Koch,571863
Tom Koehler,543408
Adam Kolarek,592473
Paul Konerko,117244
George Kontos,502004
Michael Kopech,656629
Bobby Korecky,445090
Casey Kotchman,425773
Mark Kotsay,117276
George Kottaras,435459
Kevin Kouzmanoff,450260
Jackson Kowar,663804
Pete Kozma,518902
Kevin Kramer,596012
Erik Kratz,456124
Dean Kremer,665152
Ian Krol,571871
Jason Kubel,430585
Kyle Kubitza,605323
Chad Kuhl,641771
Hong-Chih Kuo,425539
Hiroki Kuroda,493133
John Lackey,407793
Asa Lacy,669370
Tyler Ladendorf,502285
Aaron Laffey,444836
Juan Lagares,501571
Bryan LaHair,445933
Brandon Laird,477186
Gerald Laird,408042
Junior Lake,516809
Travis Lakins,664042
Blake Lalli,503351
Ryan LaMarre,534606
Peter Lambert,663567
Jacob Lamb,571875
John Lamb,543424
Andrew Lambo,518911
Dinelson Lamet,659275
Ryan Langerhans,407798
John Lannan,458709
Matt LaPorta,453181
Adam LaRoche,425560
Tommy La Stella,600303
Mat Latos,502009
Eric Lauer,641778
Ramon Laureano,657656
Ryan Lavarnway,543432
Derek Law,571882
Casey Lawrence,596271
Brett Lawrie,543434
Brandon League,434181
Mike Leake,502190
Wade LeBlanc,453281
Jose Leclerc,600917
Sam LeCure,459967
Carlos Lee,150324
Cliff Lee,424324
Dae-Ho Lee,493193
Derrek Lee,117601
Khalil Lee,666137
Mark Leiter,643410
DJ LeMahieu,518934
Dominic Leone,608678
Sandy Leon,506702
Chris Leroux,460092
Jon Lester,452657
Colby Lewis,407890
Fred Lewis,430930
Kyle Lewis,641786
Royce Lewis,668904
Domingo Leyba,642736
Alex Liddi,499926
Brad Lidge,400058
Brent Lillibridge,452121
Ted Lilly,150404
Tim Lincecum,453311
Brad Lincoln,453184
Adam Lind,452252
Josh Lindblom,458676
Francisco Lindor,596019
Matt Lindstrom,434637
Tzu-Wei Lin,624407
Francisco Liriano,434538
Rymer Liriano,542642
Zack Littell,641793
Ben Lively,594902
Jonathan Loaisiga,642528
Jose Lobaton,446653
Kyle Lobstein,543456
Tim Locastro,641796
Jeff Locke,502046
Nick Lodolo,666157
Kameron Loe,434180
Boone Logan,457429
Kyle Lohse,346798
Steve Lombardozzi,543459
James Loney,425766
Evan Longoria,446334
Shed Long,643418
Tim Lopes,621005
Felipe Lopez,150479
Javier Lopez,425657
Jose Lopez,430946
Jorge Lopez,605347
Nicky Lopez,670032
Pablo Lopez,641154
Rafael Lopez,607257
Reynaldo Lopez,625643
Wilton Lopez,446641
Yoan Lopez,661255
Michael Lorenzen,547179
David Lough,518953
Aaron Loup,571901
Brandon Lowe,664040
Derek Lowe,117955
Josh Lowe,666139
Mark Lowe,450275
Nate Lowe,663993
Jed Lowrie,476704
Joey Lucchesi,664192
Elvis Luciano,672773
Jonathan Lucroy,518960
Ryan Ludwick,407886
Cory Luebke,458537
Lucas Luetge,476595
Dawel Lugo,608475
Seth Lugo,607625
Jordan Luplow,656669
Donald Lutz,544371
Zach Lutz,518963
Gavin Lux,666158
Jesus Luzardo,666200
Jordan Lyles,543475
Daniel Lynch,663738
Lance Lynn,458681
Brandon Lyon,407193
Tyler Lyons,544928
Dixon Machado,553988
Manny Machado,592518
Jean Machi,466948
Vimael Machin,605353
Nick Madrigal,663611
Ryan Madson,425492
Kenta Maeda,628317
Matt Magill,543483
Tyler Mahle,641816
Paul Maholm,430904
Mikie Mahtook,543484
Mitch Maier,430574
Luke Maile,571912
John Maine,429720
Scott Maine,453186
Kevin Maitan,670867
Martin Maldonado,455117
Sean Manaea,640455
Trey Mancini,641820
Seth Maness,595307
Matt Manning,666159
Shaun Marcum,451788
Nick Margevicius,676606
Manuel Margot,622534
Jake Marisnick,545350
Nick Markakis,455976
Carlos Marmol,461791
Jose Marmolejos,592530
Nick Maronde,543488
German Marquez,608566
Jason Marquis,150302
Chris Marrero,502029
Deven Marrero,571918
Brandon Marsh,669016
Evan Marshall,605359
Sean Marshall,445156
Lou Marson,453974
Francis Martes,642564
Jefry Marte,527043
Ketel Marte,606466
Luis Marte,501687
Starling Marte,516782
Victor Marte,469690
Austin Martin,668885
Brett Martin,656685
Carlos Martinez,593372
Chris Martin,455119
Cody Martin,592533
Corbin Martin,656686
Cristhian Martinez,450852
Fernando Martinez,494686
Jason Martin,641829
J.D. Martinez,502110
Jose Martinez,500874
Leonys Martin,547982
Luis Martinez,446208
Michael Martinez,492841
Nick Martinez,607259
Nick Martini,605361
Richie Martin,621006
Russell Martin,431145
Victor Martinez,400121
Nick Masset,434665
Justin Masterson,475416
Darin Mastroianni,518991
Jorge Mateo,622761
Joe Mather,458628
Jeff Mathis,425772
Wyatt Mathisen,621500
Phil Maton,664208
Daisuke Matsuzaka,493137
Hideki Matsui,425686
Kazuo Matsui,430565
Ryan Mattheus,458919
Brian Matusz,451085
Tyler Matzek,554431
Steven Matz,571927
Joe Mauer,408045
Brandon Maurer,543506
Bruce Maxwell,622194
Justin Maxwell,452239
John Mayberry,460055
Cameron Maybin,457727
Dustin May,669160
Mike Mayers,594577
Jack Mayfield,608686
Jacob May,594576
Edwin Maysonet,446474
Trevor May,543507
Tim Mayza,641835
Nomar Mazara,608577
Zach McAllister,502083
Matt McBride,473724
Ryan McBroom,643436
Brian McCann,435263
James McCann,543510
Brandon McCarthy,435221
Kevin McCarthy,641838
Shane McClanahan,663556
Kyle McClellan,449072
Mike McClendon,501873
Mike McCoy,453454
Lance McCullers,621121
Andrew McCutchen,457705
Darnell McDonald,150021
James McDonald,457428
John McDonald,150348
T.J. McFarland,519008
Jake McGee,459429
Casey McGehee,431171
Dustin McGowan,430661
Chris Mcguiness,573027
Reese McGuire,624512
Collin McHugh,543521
Brendan McKay,656713
Michael McKenry,502374
Triston McKenzie,663474
Billy McKinney,641856
Nate McLouth,434661
Ryan McMahon,641857
Jeff McNeil,643446
Kyle McPherson,519015
Austin Meadows,640457
John Means,607644
Gil Meche,219194
Tommy Medica,523265
Adonis Medina,658431
Yoervis Medina,500721
Kris Medlen,450665
Evan Meek,457425
Adalberto Mejia,606167
Ernesto Mejia,448171
Francisco Mejia,642336
Jenrry Mejia,516769
Seth Mejias-Brean,623180
Mark Melancon,453343
Tim Melville,543532
Yohander Mendez,622795
Danny Mendick,664901
Luis Mendoza,434669
Daniel Mengden,596043
Oscar Mercado,640458
Jordy Mercer,474568
Jesus Merchan,462810
Ryan Merritt,607320
Whit Merrifield,593160
Melky Mesa,444859
Victor Victor Mesa,673516
Devin Mesoraco,519023
Alex Meyer,543542
Keynan Middleton,641871
Will Middlebrooks,519025
Jose Mijares,467726
Miles Mikolas,571945
Aaron Miles,425446
Wade Miley,489119
Andrew Miller,453192
Brad Miller,543543
Jared Miller,656744
Jim Miller,461848
Justin Miller,502522
Lastings Milledge,451186
Owen Miller,680911
Shelby Miller,571946
Alec Mills,621219
Brad Mills,502166
Kevin Millwood,119154
Tommy Milone,543548
Juan Minaya,573668
Mike Minor,501985
A.J. Minter,621345
Ariel Miranda,664641
Bryan Mitchell,571951
D.J. Mitchell,543551
Casey Mize,663554
Jose Molina,150040
Yadier Molina,425877
Yoan Moncada,660162
Adalberto Mondesi,609275
Mickey Moniak,666160
Frankie Montas,593423
Jesus Montero,524968
Miguel Montero,471083
Rafael Montero,606160
Jordan Montgomery,656756
Michael Montgomery,543557
Adam Moore,446192
Andrew Moore,621058
Dylan Moore,664238
Matt Moore,519043
Scott Moore,445599
Tyler Moore,489138
Franklin Morales,462985
Kendrys Morales,434778
Melvin Mora,206551
Colin Moran,592567
Adrian Morejon,670970
Brent Morel,543569
Mitch Moreland,519048
Adam Morgan,605388
Nyjer Morgan,460579
Shawn Morimando,596049
Mike Morin,573046
Justin Morneau,408047
Max Moroff,621559
Reyes Moronta,606625
Bryan Morris,457768
Logan Morrison,489149
Brandon Morrow,453344
Michael Morse,434604
Charlie Morton,450203
Guillermo Moscoso,446861
Dustin Moseley,400291
Brandon Moss,461235
Guillermo Mota,150407
Jason Motte,435400
Taylor Motter,600301
Ryan Mountcastle,663624
Mike Moustakas,519058
Gariel Moya,622382
Steven Moya,570615
Peter Moylan,493247
Edward Mujica,465629
Cedric Mullins,656775
Max Muncy,571970
Andres Munoz,662253
Yairo Munoz,622168
David Murphy,461815
Daniel Murphy,502517
John Ryan Murphy,571974
Sean Murphy,669221
Tom Murphy,608596
Joe Musgrove,605397
Ronnier Mustelier,608589
Brett Myers,408206
Wil Myers,571976
Xavier Nady,294558
Hiroyuki Nakajima,493141
Mike Napoli,435063
Tyler Naquin,571980
Omar Narvaez,553882
Chris Narveson,429780
Joe Nathan,150274
Daniel Nava,537953
Dioner Navarro,425900
Efren Navarro,519068
Josh Naylor,647304
Thomas Neal,489166
Kristopher Negron,502117
Nick Neidert,663734
Chris Nelson,455126
Jimmy Nelson,519076
Hector Neris,593576
Pat Neshek,450212
Sheldon Neuse,641914
Dovydas Neverauskas,596720
Jake Newberry,623470
Sean Newcomb,656794
Kevin Newman,621028
Gift Ngoepe,547912
Juan Nicasio,504379
Mike Nickeas,435081
Justin Nicolino,592593
Tomas Nido,621512
Jeff Niemann,435298
Jon Niese,477003
Kirk Nieuwenhuis,543590
Wil Nieves,408242
Brandon Nimmo,607043
Tsuyoshi Nishioka,457292
Jayson Nix,434624
Jacob Nix,656798
Laynce Nix,425556
Hector Noesi,456051
Aaron Nola,605400
Austin Nola,543592
Ricky Nolasco,445060
Sean Nolin,543594
Jake Noll,669738
Jordan Norberto,467099
Bud Norris,502032
Daniel Norris,596057
Derek Norris,519083
Jacob Nottingham,641924
Ivan Nova,467100
Dom Nunez,624513
Eduardo Nunez,456488
Renato Nunez,600524
Vidal Nuno,573064
Scott Oberg,623184
Brett Oberholtzer,519085
Peter O'Brien,598284
Darren O'Day,503285
Jake Odorizzi,543606
Rougned Odor,596059
Eric O'Flaherty,447714
Alexi Ogando,468396
Brian O'Grady,657434
Chris O'Grady,622217
Ryan O'Hearn,656811
Seung-hwan Oh,493200
Shohei Ohtani,660271
Shohei Ohtani,660271
Steven Okert,595345
Edward Olivares,658668
Jared Oliva,666931
Darren Oliver,119984
Hector Olivera,493343
Lester Oliveros,500902
Miguel Olivo,400018
Matt Olson,621566
Tyler Olson,621397
Mike Olt,592609
Shawn O'Malley,502523
Logan Ondrusek,446185
Tyler O'Neill,641933
Magglio Ordonez,120044
Paulo Orlando,449181
Pete Orr,434681
Rafael Ortega,542364
David Ortiz,120074
Luis Ortiz,656814
Josh Osich,592612
Jose Osuna,591741
Roberto Osuna,532077
Corey Oswalt,621261
Roy Oswalt,400061
Dan Otero,519096
Adam Ottavino,493603
Josh Outman,489189
Lyle Overbay,407489
Dillon Overton,592614
Johan Oviedo,670912
Juan Oviedo,434663
Henry Owens,596064
Chris Owings,572008
Micah Owings,452249
Marcell Ozuna,542303
Cristian Pache,665506
Jordan Pacheco,457574
Chris Paddack,663978
Vicente Padilla,218894
Angel Pagan,434636
Emilio Pagan,641941
Daniel Palka,594953
Joe Palumbo,643478
Joe Panik,605412
Thomas Pannone,623381
Jonathan Papelbon,449097
Enoli Paredes,660600
Isaac Paredes,670623
Jimmy Paredes,517370
Byung-ho Park,666560
Blake Parker,453284
Jarrod Parker,519105
Jarrett Parker,592620
Kyle Parker,592621
Chris Parmelee,476633
Bobby Parnell,458730
Gerardo Parra,467827
Manny Parra,448159
Wes Parsons,641149
Tyler Pastornicky,543629
Luis Patino,672715
Corey Patterson,279913
Troy Patton,461856
David Pauley,456102
David Paulino,600944
Dorssys Paulino,609267
Felipe Paulino,462956
Ronny Paulino,425661
Ben Paulsen,572019
Xavier Paul,449082
Carl Pavano,134321
James Paxton,572020
Mark Payton,592622
James Pazos,572021
Brad Peacock,502748
Steve Pearce,456665
Nate Pearson,663878
Jake Peavy,408241
Joc Pederson,592626
Dustin Pedroia,456030
Carlos Peguero,451713
Francisco Peguero,501317
Mike Pelfrey,460059
Brayan Pena,430910
Carlos Pena,150289
Felix Pena,570240
Francisco Pena,506747
Ramiro Pena,455369
Hunter Pence,452254
Cliff Pennington,460060
Brad Penny,207267
David Peralta,444482
Freddy Peralta,642547
Jhonny Peralta,425509
Joel Peralta,407908
Wandy Peralta,593974
Wily Peralta,503449
Jose Peraza,606299
Luis Perdomo,466412
Luis Perdomo,606131
Carlos Perez,542208
Chris Perez,453198
Cionel Perez,672335
Delvin Perez,666206
Eury Perez,516811
Franklin Perez,658530
Hernan Perez,541650
Juan Perez,448722
Luis Perez,469802
Martin Perez,527048
Michael Perez,605421
Oliver Perez,424144
Roberto Perez,547379
Salvador Perez,521692
Williams Perez,554234
Cam Perkins,573088
Glen Perkins,450282
Vinnie Pestano,502260
Bryan Petersen,519128
David Peterson,656849
Dillon Peters,596071
D.J. Peterson,592637
Dustin Peterson,640460
Jace Peterson,607054
Shane Peterson,451089
Gregorio Petit,463610
Yusmeiro Petit,433589
Jake Petricka,502593
Andy Pettitte,120485
Jonathan Pettibone,543643
Tommy Pham,502054
Josh Phegley,572033
Cord Phelps,543647
David Phelps,475479
Brandon Phillips,408252
Brett Phillips,621433
Denis Phipps,464426
Felix Pie,429712
Juan Pierre,334393
A.J. Pierzynski,150229
Kevin Pillar,607680
Brett Pill,489209
Manny Pina,444489
Chad Pinder,640461
Michael Pineda,501381
Joel Pineiro,334492
Josmil Pinto,500887
Riley Pint,666207
Jose Pirela,517369
Stephen Piscotty,572039
Nick Pivetta,601713
Kevin Plawecki,608700
Zach Plesac,668676
Trevor Plouffe,461858
Adam Plutko,592644
Colin Poche,621363
Scott Podsednik,325392
Gregory Polanco,570256
Jorge Polanco,593871
Placido Polanco,135784
A.J. Pollock,572041
Drew Pomeranz,519141
Stuart Pomeranz,456421
Dalton Pompey,592647
Daniel Poncedeleon,594965
Rick Porcello,519144
Jorge Posada,120691
Buster Posey,457763
Brooks Pounders,572044
Boog Powell,621471
Martin Prado,445988
Alex Presley,502100
Ryan Pressly,519151
David Price,456034
Jason Pridie,445095
Josh Prince,572389
Jurickson Profar,595777
Austin Pruitt,643493
Stephen Pryor,543668
Cesar Puello,527049
Yasiel Puig,624577
Albert Pujols,405395
A.J. Puk,640462
Nick Punto,346857
Zach Putnam,474029
J.J. Putz,407816
Kevin Quackenbush,534812
Chad Qualls,430589
Cal Quantrill,615698
Carlos Quentin,435041
Roman Quinn,596451
Humberto Quintero,279827
Jose Quintana,500779
Omar Quintanilla,435560
Ryan Raburn,430605
Tanner Rainey,663432
Cal Raleigh,663728
Alexei Ramirez,493351
Aramis Ramirez,133380
Elvin Ramirez,468517
Erasmo Ramirez,541640
Hanley Ramirez,434670
Harold Ramirez,623912
J.C. Ramirez,500724
Jose Ramirez,608070
Jose Ramirez,542432
Manny Ramirez,120903
Neil Ramirez,519166
Nick Ramirez,598286
Noe Ramirez,598287
Ramon Ramirez,430673
Yefry Ramirez,606162
Yohan Ramirez,670990
A.J. Ramos,573109
Cesar Ramos,459987
Edubray Ramos,591693
Wilson Ramos,467092
Clay Rapada,449060
Colby Rasmus,458675
Cory Rasmus,474284
Drew Rasmussen,656876
Jon Rauch,400010
Rangel Ravelo,592660
Adam Ravenelle,605435
Josh Ravin,502051
Corey Ray,641999
Robbie Ray,592662
Colin Rea,607067
J.T. Realmuto,592663
Anthony Recker,489232
Josh Reddick,502210
Todd Redmond,445170
Addison Reed,592665
A.J. Reed,607223
Cody Reed,642003
Michael Reed,605439
Robert Refsnyder,608701
Sean Reid-Foley,656887
Nolan Reimold,460099
Anthony Rendon,543685
Hunter Renfroe,592669
Luis Rengifo,650859
Chris Resop,434592
Ben Revere,519184
Alex Reyes,621052
Franmil Reyes,614177
Jose Reyes,408314
Jomar Reyes,655997
Pablo Reyes,622569
Victor Reyes,622682
Bryan Reynolds,668804
Mark Reynolds,448602
Matt Reynolds,519186
Matt Reynolds,608703
Arthur Rhodes,121125
Will Rhymes,489242
Clayton Richard,453385
Garrett Richards,572070
Trevor Richards,670950
Scott Richmond,446341
Joey Rickard,572073
J.T. Riddle,595375
Andre Rienzo,516589
Austin Riley,663586
Alex Rios,425567
Edwin Rios,621458
Felipe Vazquez,553878
Juan Rivera,407487
Mariano Rivera,121250
Rene Rivera,425784
T.J. Rivera,608061
Yadiel Rivera,592680
Anthony Rizzo,519203
Tanner Roark,543699
Brian Roberts,406878
David Robertson,502085
Daniel Robertson,543706
Daniel Robertson,621002
Luis Robert,673357
Ryan Roberts,440251
Tyler Robertson,502356
Clint Robinson,519208
Drew Robinson,592685
Kristian Robinson,677565
Shane Robinson,453203
Trayvon Robinson,477054
Hansel Robles,570663
Victor Robles,645302
Brendan Rodgers,663898
Richard Rodriguez,593144
Fernando Rodney,407845
Carlos Rodon,607074
Alex Rodriguez,121347
Aneury Rodriguez,444553
Dereck Rodriguez,605446
Eduardo Rodriguez,593958
Fernando Rodriguez,451775
Francisco Rodriguez,408061
Henry Rodriguez,469159
Henry Rodriguez,514719
Ivan Rodriguez,121358
Jefry Rodriguez,622446
Joely Rodriguez,570257
Julio Rodriguez,677594
Ronny Rodrigues,500135
Sean Rodriguez,446481
Paco Rodriguez,572089
Wandy Rodriguez,434643
Chaz Roe,475054
Esmil Rogers,469134
Jason Rogers,595386
Jake Rogers,668670
Mark Rogers,449161
Taylor Rogers,573124
Trevor Rogers,669432
Tyler Rogers,643511
Josh Rojas,668942
Miguel Rojas,500743
Scott Rolen,121409
Jimmy Rollins,276519
Jordan Romano,605447
Sal Romano,607219
Enny Romero,544836
Fernando Romero,622864
Ricky Romero,460069
Stefen Romero,552662
Andrew Romine,461865
Austin Romine,519222
Sergio Romo,489265
Bruce Rondon,541652
Hector Rondon,444468
Jose Rondon,602922
Brent Rooker,667670
Jorge de la Rosa,407822
Adam Rosales,489267
Amed Rosario,642708
Eddie Rosario,592696
Wilin Rosario,501647
Daniel Rosenbaum,572095
Trevor Rosenthal,572096
Cody Ross,425496
David Ross,424325
Joe Ross,605452
Robbie Ross,543726
Tyson Ross,475115
Aaron Rowand,400023
Ryan Rowland-Smith,434884
Ryan Rua,607387
Darin Ruf,573131
Justin Ruggiano,448605
Carlos Ruiz,434563
Jose Ruiz,614179
Keibert Ruiz,660688
Rio Ruiz,547004
Dan Runzler,502130
Cameron Rupp,519237
Chris Rusin,543734
Addison Russell,608365
James Russell,460701
Blake Rutherford,666164
Josh Rutledge,592710
Adley Rutschman,668939
Brendan Ryan,453895
Joe Ryan,657746
Kyle Ryan,594986
Hyun-Jin Ryu,547943
Marc Rzepczynski,519240
CC Sabathia,282332
Casey Sadler,594987
Takashi Saito,493416
Tyler Saladino,573135
Fernando Salas,477569
Danny Salazar,517593
Chris Sale,519242
Jarrod Saltalamacchia,457454
Jeff Samardzija,502188
Adrian Sampson,592716
Keyvius Sampson,572102
Alex Sanabia,502253
Aaron Sanchez,592717
Adrian Sanchez,506703
Anibal Sanchez,434671
Yolmer Sanchez,570560
Eduardo Sanchez,500674
Freddy Sanchez,408108
Gaby Sanchez,459991
Gary Sanchez,596142
Hector Sanchez,516949
Jesus Sanchez,660821
Jonathan Sanchez,456043
Sixto Sanchez,664350
Tony Sanchez,506997
Pablo Sandoval,467055
Patrick Sandoval,663776
Jerry Sands,543742
Miguel Sano,593934
Anthony Santander,623993
Carlos Santana,467793
Danny Santana,542454
Dennis Santana,642701
Domingo Santana,570267
Edgar Santana,650828
Ervin Santana,429722
Johan Santana,276371
Hector Santiago,502327
Ramon Santiago,421124
Sergio Santos,435045
Dave Sappelt,543743
Luis Sardinas,596143
Josh Satin,543744
Joe Saunders,434578
Michael Saunders,459431
Warwick Saupold,599683
Jordan Schafer,457788
Logan Schafer,502582
Scott Schebler,594988
Tanner Scheppers,489294
Max Scherzer,453286
Nate Schierholtz,435625
Ryan Schimpf,572114
Clarke Schmidt,657376
Jonathan Schoop,570731
Max Schrock,621011
Skip Schumaker,435401
Kyle Schwarber,656941
Chris Schwinden,452737
Luke Scott,432928
Tanner Scott,656945
Evan Scribner,519267
Troy Scribner,644428
Andre Scrubb,668687
Marco Scutaro,340192
Corey Seager,608369
Kyle Seager,572122
Jean Segura,516416
Marcus Semien,543760
Antonio Senzatela,622608
Nick Senzel,669222
Luis Severino,622663
Pedro Severino,600474
Paul Sewald,623149
Kevin Shackelford,594992
Justin Shafer,596101
Richie Shaffer,572128
Sterling Sharp,643532
Bryan Shaw,543766
Chris Shaw,622046
Travis Shaw,543768
Ben Sheets,282656
Justus Sheffield,656954
Jimmie Sherfy,642073
George Sherrill,430941
James Shields,448306
Braden Shipley,640463
Matt Shoemaker,533167
Kelly Shoppach,431159
Chasen Shreve,592741
J.B. Shuck,543776
Kevin Siegrist,543779
Magneuris Sierra,642423
Moises Sierra,501213
Yaisel Sierra,666888
Carlos Silva,400067
Andrelton Simmons,592743
Shae Simmons,623406
Alfredo Simon,430580
Luke Sims,608371
Brady Singer,663903
Jonathan Singleton,572138
Tony Sipp,448609
Chance Sisco,642082
Grady Sizemore,429713
Scott Sizemore,502003
Tyler Skaggs,572140
Kyle Skipworth,543788
Eric Skoglund,607215
Matt Skole,605474
Tarik Skubal,669373
Austin Slater,596103
Aaron Slegers,642083
Kevin Slowey,458713
Devin Smeltzer,656970
Burch Smith,572143
Carson Smith,605476
Caleb Smith,592761
Dominic Smith,642086
Dwight Smith Jr.,596105
Joe Smith,501925
Josh A. Smith,595001
Kevan Smith,607345
Mallex Smith,605480
Pavin Smith,656976
Riley Smith,642092
Seth Smith,452234
Will Smith,519293
Will Smith,669257
Justin Smoak,475253
Josh Smoker,519294
Jake Smolinski,519295
Drew Smyly,592767
Cy Sneed,605482
Blake Snell,605483
Ian Snell,430636
Travis Snider,501983
Brandon Snyder,474319
Chris Snyder,430965
Eric Sogard,519299
Nick Solak,669256
Donovan Solano,456781
Yangervis Solarte,500208
Jorge Soler,624585
Ali Solis,455378
Sammy Solis,519301
Alfonso Soriano,150093
Joakim Soria,465657
Rafael Soriano,400089
Mike Soroka,647336
Geovany Soto,434567
Gregory Soto,642397
Juan Soto,665742
Steven Souza,519306
Denard Span,452655
Cory Spangenberg,605486
Glenn Sparkman,642098
Ryan Spilborghs,448676
George Springer,543807
Jeffrey Springs,605488
Jacob Stallings,607732
Eric Stamets,608715
Craig Stammen,489334
Ryne Stanek,592773
Giancarlo Stanton,519317
Bubba Starling,605490
Brock Stassi,595426
Max Stassi,545358
Tim Stauffer,431162
Josh Staumont,622251
Drew Steckenrider,608716
Jackson Stephens,623451
Robert Stephenson,596112
Tyler Stephenson,663886
Andrew Stevenson,664057
Brock Stewart,592779
Chris Stewart,455755
Christin Stewart,621514
D.J. Stewart,621466
Ian Stewart,456655
Kohl Stewart,640464
Josh Stinson,502139
Robert Stock,476594
Drew Storen,519322
Mickey Storey,493547
Trevor Story,596115
Matt Strahm,621381
Dan Straily,573185
Stephen Strasburg,544931
Chris Stratton,608717
Myles Straw,664702
Huston Street,434718
Hunter Strickland,519326
Ross Stripling,548389
Marcus Stroman,573186
Pedro Strop,467008
Michael Stutes,452741
Drew Stubbs,453211
Garrett Stubbs,596117
Eric Stults,445590
Albert Suarez,544150
Andrew Suarez,605498
Eugenio Suarez,553993
Jose Suarez,660761
Ranger Suarez,624133
Jesus Sucre,491696
Wander Suero,593833
Cole Sulser,642121
Andrew Susac,572180
Brent Suter,608718
Ichiro Suzuki,400085
Kurt Suzuki,435559
Dansby Swanson,621020
Erik Swanson,657024
Anthony Swarzak,461872
Darnell Sweeney,572182
Ryan Sweeney,435220
Blake Swihart,596119
R.J. Swindle,449881
Nick Swisher,430897
Noah Syndergaard,592789
Thomas Szapucki,663378
Matt Szczur,519333
Jose Tabata,467798
Jameson Taillon,592791
Hisanori Takahashi,538227
Mitch Talbot,452676
Masahiro Tanaka,547888
Raimel Tapia,606132
Stephen Tarpley,605501
Dillon Tate,622253
Yoshinori Tateyama,599899
Fernando Tatis Jr.,665487
Mike Tauchman,643565
Leody Taveras,665750
Oscar Taveras,570805
Andrew Taylor,476531
Beau Taylor,607333
Chris Taylor,621035
Josh Taylor,657031
Michael Taylor,572191
Tyrone Taylor,621438
Junichi Tazawa,547749
Taylor Teagarden,460003
Mark Teahen,433597
Julio Teheran,527054
Mark Teixeira,407893
Miguel Tejada,123173
Ruben Tejada,514913
Anderson Tejeda,660731
Blake Tekotte,493574
Tomas Telis,542513
Rowdy Tellez,642133
Ryan Tepera,572193
Nick Tepesch,519344
Matt Thaiss,642136
Eric Thames,519346
Joe Thatcher,491159
Dale Thayer,445612
Ryan Theriot,444135
Josh Thole,489365
Justin Thomas,476206
Lane Thomas,657041
Jim Thome,123272
Jake Thompson,622097
Ryan Thompson,657044
Trayce Thompson,572204
Matt Thornton,407819
Trent Thornton,663423
Tyler Thornburg,592804
Lewis Thorpe,626929
Chris Tillman,501957
Charlie Tilson,605508
Jesus Tinoco,622786
Carlos Tocci,624636
Andrew Toles,592808
Shawn Tolleson,474521
Steve Tolleson,476270
Yasmany Tomas,630111
Josh Tomlin,458708
Kelby Tomlinson,605509
Spencer Torkelson,679529
Abraham Toro,647351
Alex Torres,456776
Andres Torres,400083
Carlos Torres,448614
Gleyber Torres,650402
Jose Torres,600526
Luis Torrens,620443
Ronald Torreyes,591720
Yorvit Torrealba,150275
Touki Toussaint,657053
Wilfredo Tovar,541600
Chad Tracy,429710
Taylor Trammell,666211
Devon Travis,581527
Sam Travis,607752
Blake Treinen,595014
Jose Trevino,624431
Andrew Triggs,592811
Carlos Triunfel,508892
Lou Trivino,642152
Chadwick Tromp,644433
Nicholas Tropeano,607374
Mike Trout,545361
Mark Trumbo,444432
Yoshitomo Tsutsugo,660294
Cole Tucker,657061
Kyle Tucker,663656
Preston Tucker,605512
Sam Tuivailala,592815
Troy Tulowitzki,453064
Spencer Turnbull,605513
Jacob Turner,545363
Justin Turner,457759
Trea Turner,607208
Koji Uehara,493157
Dan Uggla,462564
Melvin Upton,425834
Justin Upton,457708
Jose Urena,570632
Richard Urena,620446
Julio Urias,628711
Luis Urias,649966
Juan Uribe,346874
Jose Urquidy,664353
Henry Urrutia,625329
Giovanny Urshela,570482
Chase Utley,400284
Pat Valaika,642162
Luis Valbuena,472528
Cesar Valdez,491624
Framber Valdez,664285
Jose Valdez,451990
Jordany Valdespin,518170
Phillips Valdez,570488
Raul Valdes,447744
Wilson Valdez,407832
Danny Valencia,502143
Breyvic Valera,591971
Jose Valverde,407878
Rick VandenHurk,462995
Josh VanMeter,642165
Scott Van Slyke,475100
Cesar Vargas,570714
Ildemaro Vargas,545121
Jason Vargas,450306
Kennys Vargas,573627
Daulton Varsho,662139
Anthony Varvaro,460008
Esmerling Vasquez,458220
Andrew Vaughn,683734
Christian Vazquez,543877
Javier Vazquez,134320
Vincent Velasquez,592826
Andrew Velazquez,623205
Hector Velazquez,584171
Will Venable,461416
Jonny Venters,458924
Yordano Ventura,570649
Jose Veras,407842
Alex Verdugo,657077
Drew VerHagen,572403
Justin Verlander,434378
Logan Verrett,548337
Dayan Viciedo,493364
Shane Victorino,425664
Thyago Vieira,600986
Brayan Villarreal,500903
Carlos Villanueva,453646
Christian Villanueva,570799
Jonathan Villar,542340
Meibrys Viloria,650619
Nick Vincent,543883
Josh Vitters,519388
Arodys Vizcaino,527055
Omar Vizquel,123744
Dan Vogelbach,596129
Ryan Vogelsong,285064
Stephen Vogt,519390
Luke Voit,572228
Edinson Volquez,450172
Chris Volstad,458690
Austin Voth,608723
Joey Votto,458015
Michael Wacha,608379
Tsuyoshi Wada,493159
Cory Wade,460677
LaMonte Wade,664774
Tyler Wade,642180
Billy Wagner,123790
Jacob Waguespack,621097
Bobby Wahl,592833
Adam Wainwright,425794
Jordan Walden,477229
Marcus Walden,519393
Kyle Waldrop,448252
Christian Walker,572233
Neil Walker,435522
Taijuan Walker,592836
Brett Wallace,477165
Chad Wallach,595453
Forrest Wall,657088
Josh Wall,476205
Colin Walsh,595023
Jared Walsh,665120
P.J. Walters,502208
Zach Walters,595025
Chien-Ming Wang,425426
Wei-Chung Wang,623913
Drew Ward,608380
Taylor Ward,621493
Adam Warren,476589
Drew Waters,671221
Tony Watson,453265
Jered Weaver,450308
Luke Weaver,596133
Brandon Webb,425630
Daniel Webb,543900
Jacob Webb,657097
Logan Webb,657277
Ryan Webb,444436
Tyler Webb,643778
Ryan Weber,543901
Allen Webster,543903
Jemile Weeks,457789
Rickie Weeks,430001
Kyle Weiland,475095
Colton Welker,666213
Casper Wells,489413
Randy Wells,448694
Vernon Wells,150484
J.B. Wendelken,605525
Joey Wendle,621563
Jayson Werth,150029
Jake Westbrook,150414
Ryan Wheeler,572253
Zack Wheeler,554430
Alex White,502229
Evan White,657108
Tyler White,643603
Chase Whitley,595032
Forrest Whitley,666215
Rowan Wick,592858
Taylor Widener,642203
Brad Wieck,623364
Joe Wieland,543921
Matt Wieters,446308
Ty Wigginton,421064
Tom Wilhelmsen,452666
Aaron Wilkerson,658792
Steve Wilkerson,592859
Devin Williams,642207
Dontrelle Willis,425883
Jerome Williams,425532
Josh Willingham,425545
Mason Williams,592863
Mac Williamson,607776
Nick Williams,608384
Taylor Williams,592865
Trevor Williams,592866
Alex Wilson,543935
Bobby Wilson,435064
Brian Wilson,451216
Bryse Wilson,669060
C.J. Wilson,450351
Justin Wilson,458677
Trey Wingenter,622259
Jesse Winker,608385
Dan Winkler,595465
Patrick Wisdom,621550
DeWayne Wise,276547
Matt Wisler,605538
Nick Wittgren,621295
Asher Wojciechowski,592879
Randy Wolf,150116
Tony Wolters,547172
Kolten Wong,543939
Alex Wood,622072
Blake Wood,502028
Brandon Wood,457420
Hunter Wood,621056
Kerry Wood,134268
Brandon Woodruff,605540
Tim Wood,445971
Travis Wood,475243
Brandon Workman,519443
Vance Worley,474699
Danny Worth,519445
David Wright,431151
Jamey Wright,124604
Kyle Wright,657140
Mike Wright,605541
Steven Wright,453214
Wesley Wright,449079
Austin Wynns,642851
Jimmy Yacabonis,642231
Shun Yamaguchi,685493
Jordan Yamamoto,657141
Ryan Yarbrough,642232
Mike Yastrzemski,573262
Kirby Yates,489446
Christian Yelich,592885
Gabriel Ynoa,593679
Kevin Youkilis,425903
Alex Young,622065
Chris Young,432934
Chris Young,455759
Delmon Young,430321
Eric Young Jr.,458913
Matt Young,457568
Michael Young,276545
Mark Zagunis,657145
Carlos Zambrano,407296
Brad Ziegler,446899
Bradley Zimmer,605548
Jordan Zimmermann,519455
Kyle Zimmer,622092
Ryan Zimmerman,475582
Barry Zito,217096
Ben Zobrist,450314
Tyler Zuber,676604
Mike Zunino,572287
Tony Zych,543964
Kohei Arihara,685503
Chris Flexen,623167
Santiago Espinal,669289
Julian Merryweather,657240
Pierce Johnson,572955
Brailyn Marquez,666622
